question_id,task_type,concept,register,model,question,response,faithfulness,judge_model,source_file,pair_id,faithfulness_valid
illusion_definition_01,definition,illusion,formal,Qwen/Qwen2.5-1.5B-Instruct,"De acuerdo con la información proporcionada, ¿qué se entiende por ilusión?","Según el contexto, una ilusión es una esperanza cuyo cumplimiento parece especialmente atractivo. Es decir, es un sentimiento o creencia que parece muy atractivo y deseadamente realizable, aunque en realidad no lo sea.",1.0,granite3.2:latest,qwen_faithfulness.jsonl,Qwen/Qwen2.5-1.5B-Instruct::illusion_definition_01,True
illusion_definition_01,definition,illusion,colloquial,Qwen/Qwen2.5-1.5B-Instruct,"Según lo que pone ahí, ¿qué es eso de tener ilusión?","Es una esperanza cuyo cumplimiento parece especialmente atractivo. En otras palabras, es un sentimiento o creencia en algo que se espera con optimismo y confianza, aunque no siempre sea realizable.",0.5,granite3.2:latest,qwen_faithfulness.jsonl,Qwen/Qwen2.5-1.5B-Instruct::illusion_definition_01,True
illusion_identification_01,concept_identification,illusion,formal,Qwen/Qwen2.5-1.5B-Instruct,¿Qué estado o sentimiento de los incluidos en la información proporcionada se caracteriza por una esperanza cuyo cumplimiento parece especialmente atractivo?,"El término que se refiere a esta situación es ""ilusión"". Según el contexto, ""Ilusión"" es definida como ""Esperanza cuyo cumplimiento parece especialmente atractivo"", lo cual coincide con la descripción dada. Por lo tanto, la respuesta es ilusión.",0.25,granite3.2:latest,qwen_faithfulness.jsonl,Qwen/Qwen2.5-1.5B-Instruct::illusion_identification_01,True
illusion_identification_01,concept_identification,illusion,colloquial,Qwen/Qwen2.5-1.5B-Instruct,"De los que aparecen ahí, ¿cómo se llama eso de esperar algo que tienes muchísimas ganas de que se cumpla?","El término que describe esa situación es ""ilusión"". Según el contexto proporcionado, la definición de ilusión menciona que es una esperanza cuyo cumplimiento parece especialmente atractivo. En este caso, estaría buscando un término que refleje la intensidad y la atracción por lo que se espera con ansiedad o deseo. La respuesta más apropiada sería:

""La palabra adecuada para describir esta situación es 'ilusión'."" 

Esta opción captura perfectamente la idea de una expectativa muy fuerte y atractiva, al igual que se define en el contexto dado.",0.2,granite3.2:latest,qwen_faithfulness.jsonl,Qwen/Qwen2.5-1.5B-Instruct::illusion_identification_01,True
sadness_definition_01,definition,sadness,formal,Qwen/Qwen2.5-1.5B-Instruct,"De acuerdo con la información proporcionada, ¿qué se entiende por tristeza?","Según el contexto, la definición de ""tristeza"" (acepción 1) es: Afligido, apesadumbrado. Esto significa que la tristeza implica una sensación de pesar o preocupación profunda y persistente en el ánimo del individuo. La palabra también sugiere un estado de ánimo que puede ser tanto física como moralmente afectado, provocando una falta de gusto ni diversión en cualquier actividad. En resumen, la tristeza se refiere a una sensación generalizada de mal estar o descontento, sin necesidad de causas específicas.",0.4,granite3.2:latest,qwen_faithfulness.jsonl,Qwen/Qwen2.5-1.5B-Instruct::sadness_definition_01,True
sadness_definition_01,definition,sadness,colloquial,Qwen/Qwen2.5-1.5B-Instruct,"Según lo que pone ahí, ¿qué es eso de estar triste?","Tristeza es una cualidad que describe el estado emocional de alguien que está afligido o apesadumbrado. Se refiere a un sentimiento profundo y permanente de tristeza vaga, sosegada y no causada por causas físicas o morales específicas. En otras palabras, la tristeza es una sensación generalizada de malentendido o desilusión sin un motivo claro para ello.",0.6666666666666666,granite3.2:latest,qwen_faithfulness.jsonl,Qwen/Qwen2.5-1.5B-Instruct::sadness_definition_01,True
sadness_identification_01,concept_identification,sadness,formal,Qwen/Qwen2.5-1.5B-Instruct,¿Qué estado o sentimiento de los incluidos en la información proporcionada se corresponde con estar afligido o apesadumbrado?,"El estado o sentimiento que se corresponde con estar afligido o apesadumbrado es la tristeza. La definición (acepción 1) menciona ""Afligido, apesadumbrado"" como una descripción de tristeza. Por lo tanto, el término ""tristeza"" es el que mejor se ajusta a esta descripción.",1.0,granite3.2:latest,qwen_faithfulness.jsonl,Qwen/Qwen2.5-1.5B-Instruct::sadness_identification_01,True
sadness_identification_01,concept_identification,sadness,colloquial,Qwen/Qwen2.5-1.5B-Instruct,"De los que aparecen ahí, ¿cómo se llama eso de estar afligido o con mucho pesar?","La palabra que se refiere a estar afligido o con mucha tristeza es ""triste"". En el contexto proporcionado, la definición (acepción 1) dice: ""Cualidad de triste. Afligido, apesadumbrado."" Esto significa que cuando alguien está triste, siente una sensación de dolor y preocupación profunda. La respuesta más apropiada para esa situación sería:

**""Triste""**. 

Esta palabra cumple perfectamente con las características del término ""tristeza"", ya que describe un estado de ánimo negativo y afectado por sentimientos de pérdida, soledad o desilusión. Además, como mencioné en el contexto, la tristeza puede ser tanto física como moralmente causada, lo cual se refleja en su definición como ""aflicción, congoja, ansiedad"". Por último, esta palabra también se usa",1.0,granite3.2:latest,qwen_faithfulness.jsonl,Qwen/Qwen2.5-1.5B-Instruct::sadness_identification_01,True
anguish_definition_01,definition,anguish,formal,Qwen/Qwen2.5-1.5B-Instruct,"De acuerdo con la información proporcionada, ¿qué se entiende por angustia?","Angustia se entiende como una aflicción o congoja que provoca ansiedad. Se refiere a un estado de ánimo triste y apesadumbrado, caracterizado por una sensación profunda de malestar o preocupación. En términos más generales, puede describirse como una sensación de serio sufrimiento o desasosiego emocional.",1.0,granite3.2:latest,qwen_faithfulness.jsonl,Qwen/Qwen2.5-1.5B-Instruct::anguish_definition_01,True
anguish_definition_01,definition,anguish,colloquial,Qwen/Qwen2.5-1.5B-Instruct,"Según lo que pone ahí, ¿qué es eso de sentir angustia?","Angustia se refiere a una aflicción o congoja profunda y permanente, nacida de causas físicas o morales. Puede hacer que la persona no encuentre gusto ni diversión en nada. Es un estado de ánimo apesadumbrado.",0.6666666666666666,granite3.2:latest,qwen_faithfulness.jsonl,Qwen/Qwen2.5-1.5B-Instruct::anguish_definition_01,True
anguish_identification_01,concept_identification,anguish,formal,Qwen/Qwen2.5-1.5B-Instruct,"¿Qué estado o sentimiento de los incluidos en la información proporcionada se define mediante la aflicción, la congoja y la ansiedad?","El estado o sentimiento que se define mediante la aflicción, la congoja y la ansiedad es la angustia. Esta cualidad describe una sensación de tristeza vaga, profunda y sosegada, nacida de causas físicas o morales, que hace que quien la padece no encuentre gusto ni diversión en nada.",1.0,granite3.2:latest,qwen_faithfulness.jsonl,Qwen/Qwen2.5-1.5B-Instruct::anguish_identification_01,True
anguish_identification_01,concept_identification,anguish,colloquial,Qwen/Qwen2.5-1.5B-Instruct,"De los que aparecen ahí, ¿cómo se llama eso de sentir aflicción, congoja y ansiedad?","La respuesta es la angustia. Según el contexto proporcionado, ""Angustia"" se refiere a una sensación de aflicción, congoja y ansiedad. Esta definición coincide con las descripciones dadas en el texto para tristeza (acepción 1) y melancolía (acepción 1), donde se menciona cómo estas emociones pueden causar un estado de ánimo apesadumbrado o permanente. Por lo tanto, la angustia es el término correcto para referirse a esta combinación de sentimientos.",0.75,granite3.2:latest,qwen_faithfulness.jsonl,Qwen/Qwen2.5-1.5B-Instruct::anguish_identification_01,True
apathy_definition_01,definition,apathy,formal,Qwen/Qwen2.5-1.5B-Instruct,"De acuerdo con la información proporcionada, ¿qué se entiende por apatía?","Según el contexto, apatía se define como ""Impasibilidad del ánimo"". Esta es una descripción de cómo alguien puede estar sin emociones o sentimientos intensos. En otras palabras, apatía implica que una persona no experimenta ni muestra emoción alguna, siendo completamente indiferente a lo que ocurre alrededor. Es decir, la apatía es un estado en el cual la persona está ausente de cualquier tipo de reacción emocional ante situaciones o eventos.",1.0,granite3.2:latest,qwen_faithfulness.jsonl,Qwen/Qwen2.5-1.5B-Instruct::apathy_definition_01,True
apathy_definition_01,definition,apathy,colloquial,Qwen/Qwen2.5-1.5B-Instruct,"Según lo que pone ahí, ¿qué es eso de estar apático?","Apático se refiere a una actitud o estado en el cual la persona no muestra interés ni reacción hacia algo. Es decir, está sin emociones ni sentimientos, pareciendo indiferente o inactivo. En términos más generales, puede describir a alguien que no tiene pasión por nada y parece sumergido en un estado de abstinencia emocional.",1.0,granite3.2:latest,qwen_faithfulness.jsonl,Qwen/Qwen2.5-1.5B-Instruct::apathy_definition_01,True
apathy_identification_01,concept_identification,apathy,formal,Qwen/Qwen2.5-1.5B-Instruct,¿Qué estado o sentimiento de los incluidos en la información proporcionada se caracteriza por la impasibilidad del ánimo?,"El término que se refiere a la impasibilidad del ánimo es ""apatía"". Según el contexto, apatía se define como ""Impasibilidad del ánimo"" y su referencia menciona ""Impulsar o producir una reacción o una respuesta en algo o en alguien"", lo cual sugiere que la apatía impide cualquier tipo de reacción emocional. Por lo tanto, la respuesta es: Apatía.",0.5,granite3.2:latest,qwen_faithfulness.jsonl,Qwen/Qwen2.5-1.5B-Instruct::apathy_identification_01,True
apathy_identification_01,concept_identification,apathy,colloquial,Qwen/Qwen2.5-1.5B-Instruct,"De los que aparecen ahí, ¿cómo se llama eso de que tu ánimo se quede como impasible?","La respuesta es ""apatía"". Según el contexto proporcionado, la definición de apatía en acepción 1 dice: ""Impasibilidad del ánimo"", lo cual coincide con la descripción dada en la pregunta. Por lo tanto, la respuesta a la consulta es ""apatía"".",1.0,granite3.2:latest,qwen_faithfulness.jsonl,Qwen/Qwen2.5-1.5B-Instruct::apathy_identification_01,True
joy_definition_01,definition,joy,formal,Qwen/Qwen2.5-1.5B-Instruct,"De acuerdo con la información proporcionada, ¿qué se entiende por alegría?",Alegría es un sentimiento grato y vivo que suele manifestarse con signos exteriores. Es una expresión de satisfacción o bienestar emocional.,1.0,granite3.2:latest,qwen_faithfulness.jsonl,Qwen/Qwen2.5-1.5B-Instruct::joy_definition_01,True
joy_definition_01,definition,joy,colloquial,Qwen/Qwen2.5-1.5B-Instruct,"Según lo que pone ahí, ¿qué es eso de sentir alegría?","Alegría se refiere a un sentimiento grato y vivo que suele manifestarse con signos exteriores. Es una sensación generalizada de satisfacción o bienestar emocional. En términos más generales, puede ser entendida como la emoción positiva que proviene del disfrute, el éxito, la felicidad o cualquier otra circunstancia favorable.",,granite3.2:latest,qwen_faithfulness.jsonl,Qwen/Qwen2.5-1.5B-Instruct::joy_definition_01,False
joy_identification_01,concept_identification,joy,formal,Qwen/Qwen2.5-1.5B-Instruct,¿Qué estado o sentimiento de los incluidos en la información proporcionada consiste en un sentimiento grato y vivo que suele manifestarse con signos exteriores?,"La respuesta es ""alegría"". Según el contexto, la alegría se define como ""Sentimiento grato y vivo que suele manifestarse con signos exteriores"", lo cual coincide perfectamente con las características del término mencionado.",0.3333333333333333,granite3.2:latest,qwen_faithfulness.jsonl,Qwen/Qwen2.5-1.5B-Instruct::joy_identification_01,True
joy_identification_01,concept_identification,joy,colloquial,Qwen/Qwen2.5-1.5B-Instruct,"De los que aparecen ahí, ¿cómo se llama eso de sentir algo muy grato y vivo que normalmente se te nota por fuera?","El término que describe ese sentimiento es ""alegría"". Según la definición proporcionada en el contexto, ""Sentimiento grato y vivo que suele manifestarse con signos exteriores"" corresponde al concepto de alegría.",0.6666666666666666,granite3.2:latest,qwen_faithfulness.jsonl,Qwen/Qwen2.5-1.5B-Instruct::joy_identification_01,True
excitement_definition_01,definition,excitement,formal,Qwen/Qwen2.5-1.5B-Instruct,"De acuerdo con la información proporcionada, ¿qué se entiende por excitación?","Excitación es una acción y efecto de excitar. Se refiere a provocar o producir una reacción o respuesta en algo o en alguien. En términos generales, puede referirse a cualquier tipo de activación emocional, física o mental que provoque un cambio en el estado del individuo. Sin embargo, no está claro si se refiere específicamente al sentimiento de alegría mencionado anteriormente. La definición generalizada sugiere que es algo que genera actividad o movimiento.",0.8,granite3.2:latest,qwen_faithfulness.jsonl,Qwen/Qwen2.5-1.5B-Instruct::excitement_definition_01,True
excitement_definition_01,definition,excitement,colloquial,Qwen/Qwen2.5-1.5B-Instruct,"Según lo que pone ahí, ¿qué es eso de sentir excitación?","Excitación se refiere a la acción y efecto de excitar. Es una forma de energía o emoción que provoca una reacción en algo o alguien. En términos más generales, puede ser entendido como un impulso o deseo por algo o alguien. En el contexto del lenguaje, puede referirse a emociones intensas como alegría, pasión, o incluso tristeza. Sin embargo, no está relacionado directamente con la definición de apatía, que es la falta de interés o pasión. La excitación puede ser una parte de la experiencia humana, pero no necesariamente siempre asociada con satisfacción o bienestar.",0.8333333333333334,granite3.2:latest,qwen_faithfulness.jsonl,Qwen/Qwen2.5-1.5B-Instruct::excitement_definition_01,True
excitement_identification_01,concept_identification,excitement,formal,Qwen/Qwen2.5-1.5B-Instruct,¿Qué concepto de los incluidos en la información proporcionada hace referencia a la acción y efecto de provocar o producir una reacción o una respuesta en algo o en alguien?,"La respuesta es ""excitación"". Esta terminología se refiere al término ""excitar"" que aparece en el contexto, que describe la acción y efecto de excitar. En este caso, ""excitación"" se usa para describir cómo la excitación provoca o produce una reacción o una respuesta en algo o en alguien.",1.0,granite3.2:latest,qwen_faithfulness.jsonl,Qwen/Qwen2.5-1.5B-Instruct::excitement_identification_01,True
excitement_identification_01,concept_identification,excitement,colloquial,Qwen/Qwen2.5-1.5B-Instruct,"De lo que aparece ahí, ¿cómo se llama eso de provocar que algo o alguien reaccione o responda?","La respuesta es excitación. Esta palabra se refiere a la acción y efecto de excitar, provoca o produce una reacción o una respuesta en algo o en alguien. En el contexto dado, esta definición se aplica al término ""excitación"" para describir cómo se genera un sentimiento grato y vivo (alegría) con signos externos. Sin embargo, no hay una definición directa para ""excitar"" como tal dentro del contexto proporcionado. La palabra más cercana sería ""excitar"", pero su uso aquí parece ser más generalizado. 

Por lo tanto, si buscamos una definición específica para ""excitar"" en este contexto, podría considerarse como una forma de ""provocar o producir una reacción o una respuesta"". Pero sin una definición más precisa para ""excitar"" en este caso específico, no podemos ofrecer una respuesta más detallada. Si bien ""excitación"" es",0.42857142857142855,granite3.2:latest,qwen_faithfulness.jsonl,Qwen/Qwen2.5-1.5B-Instruct::excitement_identification_01,True
passion_definition_01,definition,passion,formal,Qwen/Qwen2.5-1.5B-Instruct,"De acuerdo con la información proporcionada, ¿qué se entiende por pasión?","Según el contexto, la definición de ""pasión"" es: Apetito de algo o afición vehemente a ello. Esta cualidad implica una gran emoción y deseo intenso hacia un objeto o actividad. Por lo tanto, la pasión se refiere al sentimiento fuerte y inmediato que alguien siente por algo específico, caracterizado por su intensidad y persistencia.",0.75,granite3.2:latest,qwen_faithfulness.jsonl,Qwen/Qwen2.5-1.5B-Instruct::passion_definition_01,True
passion_definition_01,definition,passion,colloquial,Qwen/Qwen2.5-1.5B-Instruct,"Según lo que pone ahí, ¿qué es eso de sentir pasión por algo?","La pasión se refiere a un apetito o afición vehemente hacia algo. Es una emoción fuerte y intensa que puede manifestarse en acciones y efectos específicos. En el contexto dado, la pasión podría referirse a emociones como amor, admiración, deseo o curiosidad extremo hacia alguien o algo específico. Sin embargo, no hay información específica sobre qué tipo de pasión se está hablando aquí. Para determinar exactamente qué tipo de pasión se refiere, sería necesario más contexto o definiciones adicionales. Por ahora, podemos decir que la pasión implica una gran atracción o interés intenso hacia algo o alguien.",1.0,granite3.2:latest,qwen_faithfulness.jsonl,Qwen/Qwen2.5-1.5B-Instruct::passion_definition_01,True
passion_identification_01,concept_identification,passion,formal,Qwen/Qwen2.5-1.5B-Instruct,¿Qué estado o sentimiento de los incluidos en la información proporcionada se define como el apetito de algo o una afición vehemente hacia ello?,"El término que se refiere a un apetito de algo o una afición vehemente hacia ello es ""pasión"". Según la definición, pasión es ""Apetito de algo o afición vehemente a ello"". Este término describe una intensa y desbordante atracción por algo específico. En contraste con las otras categorías mencionadas (ilusión, tristeza, angustia, apatía, alegría, excitación, enamoramiento, melancolía, serenidad), la pasión se caracteriza por su naturaleza emocional y potencialmente intenso.",1.0,granite3.2:latest,qwen_faithfulness.jsonl,Qwen/Qwen2.5-1.5B-Instruct::passion_identification_01,True
passion_identification_01,concept_identification,passion,colloquial,Qwen/Qwen2.5-1.5B-Instruct,"De los que aparecen ahí, ¿cómo se llama eso de tener muchísimas ganas de algo o una afición muy fuerte por ello?","La respuesta es ""pasión"". Según la definición proporcionada en el contexto, la pasión se refiere a un apetito o afición vehemente hacia algo. En tu caso específico, parece que tienes muchas ganas o una afición muy fuerte por algo, lo cual se podría describir como pasión. Por ejemplo, si te gusta mucho una actividad física, podrías decir que tienes pasión por esa cosa.",0.6,granite3.2:latest,qwen_faithfulness.jsonl,Qwen/Qwen2.5-1.5B-Instruct::passion_identification_01,True
infatuation_definition_01,definition,infatuation,formal,Qwen/Qwen2.5-1.5B-Instruct,"De acuerdo con la información proporcionada, ¿qué se entiende por enamoramiento?","Enamoramiento es una acción y efecto de enamorar o enamorarse. Se refiere a un sentimiento amoroso que puede provocar una reacción emocional en alguien. En este contexto, el término ""enamoramiento"" se utiliza para describir cómo una persona puede sentirse atrapada o consumida por un sentimiento hacia otra persona. Este estado puede ser tanto positivo como negativo, dependiendo del contexto y las circunstancias personales involucradas. La definición también sugiere que el enamoramiento puede llevar a acciones específicas, como buscar más tiempo juntos o tomar decisiones basadas en ese sentimiento. Sin embargo, no se menciona directamente qué sucede después del enamoramiento, solo que es una acción y efecto de enamorar.",0.5,granite3.2:latest,qwen_faithfulness.jsonl,Qwen/Qwen2.5-1.5B-Instruct::infatuation_definition_01,True
infatuation_definition_01,definition,infatuation,colloquial,Qwen/Qwen2.5-1.5B-Instruct,"Según lo que pone ahí, ¿qué es eso de estar enamorado?","Enamorarse implica una acción y efecto de enamorar o enamorarse. Es un sentimiento vehemente hacia alguien o algo, provocando en el afectado una reacción emocional intensa y afrentosa a la persona amada. En este sentido, estar enamorado se refiere al proceso y consecuencia del amor, donde uno se siente atrapado por ese sentimiento y busca satisfacerlo.",0.4,granite3.2:latest,qwen_faithfulness.jsonl,Qwen/Qwen2.5-1.5B-Instruct::infatuation_definition_01,True
infatuation_identification_01,concept_identification,infatuation,formal,Qwen/Qwen2.5-1.5B-Instruct,¿Qué estado o sentimiento de los incluidos en la información proporcionada se relaciona con despertar en alguien un sentimiento amoroso?,"El término que se relaciona con despertar en alguien un sentimiento amoroso es ""amor"". Este puede referirse a una pasión, un enamoramiento, y su efecto es el de provocar o producir una reacción o respuesta en alguien. En este contexto, no hay términos directamente relacionados con ""excitación"" o ""alegría"", pero ambas pueden ser consideradas como estados emocionales que podrían potencialmente desencadenar un sentimiento amoroso si están presentes en un entorno adecuado. Sin embargo, para responder específicamente al término ""amor"", sería más apropiado mencionarlo directamente. 

Término: enamoramiento

Este término se refiere a la acción y efecto de enamorar o enamorarse, lo cual provoca un sentimiento amoroso en la persona afectada. No obstante, esta definición no especifica necesari",0.6666666666666666,granite3.2:latest,qwen_faithfulness.jsonl,Qwen/Qwen2.5-1.5B-Instruct::infatuation_identification_01,True
infatuation_identification_01,concept_identification,infatuation,colloquial,Qwen/Qwen2.5-1.5B-Instruct,"De los que aparecen ahí, ¿cómo se llama eso de que alguien empiece a sentir algo amoroso por otra persona?","El término que se refiere a esa sensación es ""amor"". En este contexto específico, el amor se refiere al sentimiento de enamoramiento.",0.0,granite3.2:latest,qwen_faithfulness.jsonl,Qwen/Qwen2.5-1.5B-Instruct::infatuation_identification_01,True
melancholy_definition_01,definition,melancholy,formal,Qwen/Qwen2.5-1.5B-Instruct,"De acuerdo con la información proporcionada, ¿qué se entiende por melancolía?","Melancolía es una tristeza vaga, profunda y sosegada que surge de causas físicas o morales. Esta sensación hace que quien la experimenta no encuentre gusto ni diversión en nada. Es un estado caracterizado por una apacibilidad física o moral.",0.75,granite3.2:latest,qwen_faithfulness.jsonl,Qwen/Qwen2.5-1.5B-Instruct::melancholy_definition_01,True
melancholy_definition_01,definition,melancholy,colloquial,Qwen/Qwen2.5-1.5B-Instruct,"Según lo que pone ahí, ¿qué es eso de estar melancólico?","Estar melancólico significa sentir tristeza vaga, profunda y sosegada, nacida de causas físicas o morales. Esta sensación hace que la persona no encuentre gusto ni diversión en nada. Es una forma de sereno, apacible sin turbación física o moral.",1.0,granite3.2:latest,qwen_faithfulness.jsonl,Qwen/Qwen2.5-1.5B-Instruct::melancholy_definition_01,True
melancholy_identification_01,concept_identification,melancholy,formal,Qwen/Qwen2.5-1.5B-Instruct,"¿Qué estado o sentimiento de los incluidos en la información proporcionada se caracteriza por una tristeza vaga, profunda, sosegada y permanente que impide encontrar gusto o diversión en nada?","La respuesta a esta consulta es ""melancolía"". Según el contexto proporcionado, la melancolía se define como una tristeza vaga, profunda, sosegada y permanente que hace que quien la padece no encuentre gusto ni diversión en nada. Esta descripción coincide con las características mencionadas en la pregunta sobre un estado o sentimiento caracterizado por una tristeza vaga, profunda, sosegada y permanente.",1.0,granite3.2:latest,qwen_faithfulness.jsonl,Qwen/Qwen2.5-1.5B-Instruct::melancholy_identification_01,True
melancholy_identification_01,concept_identification,melancholy,colloquial,Qwen/Qwen2.5-1.5B-Instruct,"De los que aparecen ahí, ¿cómo se llama eso de tener una tristeza profunda y tranquila que dura y hace que no disfrutes de nada?","La respuesta es la melancolía. Según el contexto proporcionado, ""melancolía"" describe un estado de tristeza vaga, profunda y sosegada que dura y dificulta disfrutar de cualquier cosa. Esta descripción concuerda con las características mencionadas en la consulta sobre una tristeza que es tanto intensa como apacible.",1.0,granite3.2:latest,qwen_faithfulness.jsonl,Qwen/Qwen2.5-1.5B-Instruct::melancholy_identification_01,True
serenity_definition_01,definition,serenity,formal,Qwen/Qwen2.5-1.5B-Instruct,"De acuerdo con la información proporcionada, ¿qué se entiende por serenidad?","Según el contexto, serenidad se entiende como una cualidad de estar apacible o sosegado sin tener turbación física o moral. Es decir, es un estado de tranquilidad y calma interior que permite a alguien no sentirse alterado por circunstancias externas. La referencia ""sereno (acepción 2): Apacible, sosegado, sin turbación física o moral"" también refuerza esta definición. Por lo tanto, serenidad implica una ausencia de agitación emocional o distracciones internas.",1.0,granite3.2:latest,qwen_faithfulness.jsonl,Qwen/Qwen2.5-1.5B-Instruct::serenity_definition_01,True
serenity_definition_01,definition,serenity,colloquial,Qwen/Qwen2.5-1.5B-Instruct,"Según lo que pone ahí, ¿qué es eso de estar sereno?","Sereno se refiere a una cualidad de apacible o sosegado sin turbación física o moral. Es decir, alguien que está sereno no tiene ninguna preocupación ni nerviosismo en su estado mental.",1.0,granite3.2:latest,qwen_faithfulness.jsonl,Qwen/Qwen2.5-1.5B-Instruct::serenity_definition_01,True
serenity_identification_01,concept_identification,serenity,formal,Qwen/Qwen2.5-1.5B-Instruct,"¿Qué estado o cualidad de los incluidos en la información proporcionada se corresponde con encontrarse apacible, sosegado y sin turbación física o moral?","La cualidad que se corresponde con estar apacible, sosegado y sin turbación física o moral es ""serenidad"". Esta palabra se refiere a una cálida, tranquila y calma disposición mental. 

Referencia: sereno (acepción 2): Apacible, sosegado, sin turbación física o moral.

Por lo tanto, el término adecuado para describir este estado sería ""serenidad"".",0.75,granite3.2:latest,qwen_faithfulness.jsonl,Qwen/Qwen2.5-1.5B-Instruct::serenity_identification_01,True
serenity_identification_01,concept_identification,serenity,colloquial,Qwen/Qwen2.5-1.5B-Instruct,"De los que aparecen ahí, ¿cómo se llama eso de estar tranquilo, sosegado y sin nada que te perturbe?","La respuesta es la serenidad. Según el contexto proporcionado, ""sereno"" (acepción 2) significa apacible, sosegado, sin turbación física o moral, lo cual coincide con la descripción de estar tranquilo, sosegado y sin nada que te perturbe. Por lo tanto, la palabra correcta para referirse a esa sensación es ""serenidad"".",1.0,granite3.2:latest,qwen_faithfulness.jsonl,Qwen/Qwen2.5-1.5B-Instruct::serenity_identification_01,True
illusion_definition_01,definition,illusion,formal,HuggingFaceTB/SmolLM2-1.7B-Instruct,"De acuerdo con la información proporcionada, ¿qué se entiende por ilusión?","El concepto de ilusión se entiende como una especie de esperanza o expectativa que parece especialmente atractiva, pero que no puede cumplirse. Esto puede generar una tristeza o angustia, ya que la esperanza parece ser innecesaria o innecesaramente alta. La pasión y el enamoramiento también pueden ser considerados ilusión, ya que son especialmente atractivos y pueden generar una melancolía si no se cumplen. Sin embargo, la melancolía puede ser una forma de tristeza que puede ser resultante de una ilusión, ya que la esperanza puede ser frustrante o innecesaria.",1.0,granite3.2:latest,smollm_faithfulness.jsonl,HuggingFaceTB/SmolLM2-1.7B-Instruct::illusion_definition_01,True
illusion_definition_01,definition,illusion,colloquial,HuggingFaceTB/SmolLM2-1.7B-Instruct,"Según lo que pone ahí, ¿qué es eso de tener ilusión?","Es la ilusión que se siente cuando uno piensa que algo es realmente lo que espera, pero que en realidad no es así. Es como si pensara que estás en un lugar muy tranquilo y tranquilos, pero en realidad estás en un lugar muy agotador y frustrante. Es como si pensara que estás enamorado de algo o alguien, pero en realidad no tiene nada de eso. Es como si pensara que estás enamorado de algo o alguien, pero en realidad no tiene nada de eso. Es como si pensara que estás enamorado de algo o alguien, pero en realidad no tiene nada de eso. Es como si pensara que estás enam",0.8,granite3.2:latest,smollm_faithfulness.jsonl,HuggingFaceTB/SmolLM2-1.7B-Instruct::illusion_definition_01,True
illusion_identification_01,concept_identification,illusion,formal,HuggingFaceTB/SmolLM2-1.7B-Instruct,¿Qué estado o sentimiento de los incluidos en la información proporcionada se caracteriza por una esperanza cuyo cumplimiento parece especialmente atractivo?,"El estado o sentimiento de los incluidos en la información proporcionada se caracteriza por una esperanza cuyo cumplimiento parece especialmente atractivo.

### FIN DEL RESPUESTA",1.0,granite3.2:latest,smollm_faithfulness.jsonl,HuggingFaceTB/SmolLM2-1.7B-Instruct::illusion_identification_01,True
illusion_identification_01,concept_identification,illusion,colloquial,HuggingFaceTB/SmolLM2-1.7B-Instruct,"De los que aparecen ahí, ¿cómo se llama eso de esperar algo que tienes muchísimas ganas de que se cumpla?","El término que se llama esperanza es ""ilusión"".

### DERIVADA
El término ""tristeza"" se derivó de ""triste"" y ""tristeza"" se derivó de ""triste"".

### EQUIVOCACIÓN
El término ""tristeza"" se equivoca con ""triste"" y ""tristeza"" se equivoca con ""triste"".

### DERIVACIÓN
El término ""angustia"" se derivó de ""angustia"" y ""angustia"" se derivó de ""angustia"".

### EQUIVOCACIÓN
El término ""angustia"" se equivoca con ""angustia"" y ""angustia""",0.0,granite3.2:latest,smollm_faithfulness.jsonl,HuggingFaceTB/SmolLM2-1.7B-Instruct::illusion_identification_01,True
sadness_definition_01,definition,sadness,formal,HuggingFaceTB/SmolLM2-1.7B-Instruct,"De acuerdo con la información proporcionada, ¿qué se entiende por tristeza?","Tranquilidad y ansiedad.

### DIFICILIDAD
El término tristeza se refiere a una situación que puede ser muy difícil de entender, ya que puede referirse a muchas cosas distintas, como la tristeza de un niño que no tiene a su madre, o la tristeza de un hombre que ha perdido a su esposa. Sin embargo, en general, se entiende que tristeza es una situación que puede ser muy difícil de manejar y que puede ser muy triste.",0.4,granite3.2:latest,smollm_faithfulness.jsonl,HuggingFaceTB/SmolLM2-1.7B-Instruct::sadness_definition_01,True
sadness_definition_01,definition,sadness,colloquial,HuggingFaceTB/SmolLM2-1.7B-Instruct,"Según lo que pone ahí, ¿qué es eso de estar triste?","Es la tristeza.

### DERIVADA
Tres palabras que se derivan del término ""tristeza"":
1. Triste: Es la palabra más común que se extrae del término ""tristeza"".
2. Apatía: Se extrae de ""apatía"", que se extrae del término ""tristeza"".
3. Melancolía: Se extrae de ""melancolía"", que se extrae del término ""tristeza"".

### CONCLUSIÓN
Los términos ""tristeza"", ""apatía"", ""melancolía"" y ""melancolía"" son palabras que se extraen del término ""tristeza"".",0.3333333333333333,granite3.2:latest,smollm_faithfulness.jsonl,HuggingFaceTB/SmolLM2-1.7B-Instruct::sadness_definition_01,True
sadness_identification_01,concept_identification,sadness,formal,HuggingFaceTB/SmolLM2-1.7B-Instruct,¿Qué estado o sentimiento de los incluidos en la información proporcionada se corresponde con estar afligido o apesadumbrado?,El estado o sentimiento de los incluidos en la información proporcionada se corresponde con estar afligido o apesadumbrado.,1.0,granite3.2:latest,smollm_faithfulness.jsonl,HuggingFaceTB/SmolLM2-1.7B-Instruct::sadness_identification_01,True
sadness_identification_01,concept_identification,sadness,colloquial,HuggingFaceTB/SmolLM2-1.7B-Instruct,"De los que aparecen ahí, ¿cómo se llama eso de estar afligido o con mucho pesar?","El término que se llama eso de estar afligido o con mucho pesar es ""tristeza"".",1.0,granite3.2:latest,smollm_faithfulness.jsonl,HuggingFaceTB/SmolLM2-1.7B-Instruct::sadness_identification_01,True
anguish_definition_01,definition,anguish,formal,HuggingFaceTB/SmolLM2-1.7B-Instruct,"De acuerdo con la información proporcionada, ¿qué se entiende por angustia?","Angustia se entiende como una aflicción, congoja, ansiedad que suele manifestarse con signos exteriores.",1.0,granite3.2:latest,smollm_faithfulness.jsonl,HuggingFaceTB/SmolLM2-1.7B-Instruct::anguish_definition_01,True
anguish_definition_01,definition,anguish,colloquial,HuggingFaceTB/SmolLM2-1.7B-Instruct,"Según lo que pone ahí, ¿qué es eso de sentir angustia?",Es la angustia que se siente cuando hay una situación o cosa que no se puede resolver o que te pone muy triste. Es como si te sentes muy triste y no puedes explicarte por qué.,0.3333333333333333,granite3.2:latest,smollm_faithfulness.jsonl,HuggingFaceTB/SmolLM2-1.7B-Instruct::anguish_definition_01,True
anguish_identification_01,concept_identification,anguish,formal,HuggingFaceTB/SmolLM2-1.7B-Instruct,"¿Qué estado o sentimiento de los incluidos en la información proporcionada se define mediante la aflicción, la congoja y la ansiedad?","El estado o sentimiento de los incluidos en la información proporcionada se define mediante la aflicción, la congoja y la ansiedad.",,granite3.2:latest,smollm_faithfulness.jsonl,HuggingFaceTB/SmolLM2-1.7B-Instruct::anguish_identification_01,False
anguish_identification_01,concept_identification,anguish,colloquial,HuggingFaceTB/SmolLM2-1.7B-Instruct,"De los que aparecen ahí, ¿cómo se llama eso de sentir aflicción, congoja y ansiedad?","El término que se llama esa aflicción, congoja y ansiedad es ""tristeza"".",0.0,granite3.2:latest,smollm_faithfulness.jsonl,HuggingFaceTB/SmolLM2-1.7B-Instruct::anguish_identification_01,True
apathy_definition_01,definition,apathy,formal,HuggingFaceTB/SmolLM2-1.7B-Instruct,"De acuerdo con la información proporcionada, ¿qué se entiende por apatía?","Apatía se entiende como una situación en la que el ánimo es impasible, lo que significa que no puede ser impulsado por ningún motivo o que no tiene sentido impulsar. Esto puede ser una situación de ansiedad o de tristeza, ya que el ánimo no puede ser impulsado o producir respuestas o reacciones.

### FIN DEL RESPUESTA

Para responder a la pregunta de acuerdo con la información proporcionada, se entiende que apatía es una situación en la que el ánimo es impasible, lo que significa que no puede ser impulsado por ningún motivo o que no tiene sentido impulsar. Esto puede ser una situación de ansiedad o",0.8,granite3.2:latest,smollm_faithfulness.jsonl,HuggingFaceTB/SmolLM2-1.7B-Instruct::apathy_definition_01,True
apathy_definition_01,definition,apathy,colloquial,HuggingFaceTB/SmolLM2-1.7B-Instruct,"Según lo que pone ahí, ¿qué es eso de estar apático?","Es un estado de alivio y tranquilo, donde no tienes ninguna preocupación ni preocupaciones.

### FIN DEL RESPUESTA",0.0,granite3.2:latest,smollm_faithfulness.jsonl,HuggingFaceTB/SmolLM2-1.7B-Instruct::apathy_definition_01,True
apathy_identification_01,concept_identification,apathy,formal,HuggingFaceTB/SmolLM2-1.7B-Instruct,¿Qué estado o sentimiento de los incluidos en la información proporcionada se caracteriza por la impasibilidad del ánimo?,"El estado o sentimiento de los incluidos en la información proporcionada se caracteriza por la impasibilidad del ánimo específicamente en la situación de la tristeza.

### CONCLUSIÓN
El estado o sentimiento de los incluidos en la información proporcionada se caracteriza por la impasibilidad del ánimo específicamente en la situación de la tristeza.",0.0,granite3.2:latest,smollm_faithfulness.jsonl,HuggingFaceTB/SmolLM2-1.7B-Instruct::apathy_identification_01,True
apathy_identification_01,concept_identification,apathy,colloquial,HuggingFaceTB/SmolLM2-1.7B-Instruct,"De los que aparecen ahí, ¿cómo se llama eso de que tu ánimo se quede como impasible?","El término que se refiere a eso de que tu ánimo se quede como impasible es ""apatía"".

### CONCLUSIÓN
El término ""apatía"" se refiere a la impasibilidad del ánimo, lo que significa que no puedes encontrar nada que te encuentre agradable.",,granite3.2:latest,smollm_faithfulness.jsonl,HuggingFaceTB/SmolLM2-1.7B-Instruct::apathy_identification_01,False
joy_definition_01,definition,joy,formal,HuggingFaceTB/SmolLM2-1.7B-Instruct,"De acuerdo con la información proporcionada, ¿qué se entiende por alegría?","Alegría se entiende como un sentimiento grato y vivo que suele manifestarse con signos exteriores, como un aspecto positivo y positivo de la vida.

### FIN DEL RESPUESTA",0.5,granite3.2:latest,smollm_faithfulness.jsonl,HuggingFaceTB/SmolLM2-1.7B-Instruct::joy_definition_01,True
joy_definition_01,definition,joy,colloquial,HuggingFaceTB/SmolLM2-1.7B-Instruct,"Según lo que pone ahí, ¿qué es eso de sentir alegría?","Alegría es un sentimiento grato y vivo que se manifesta con signos exteriores, como emoción, felicidad y calidez.

### FIN DEL RESPUESTA",1.0,granite3.2:latest,smollm_faithfulness.jsonl,HuggingFaceTB/SmolLM2-1.7B-Instruct::joy_definition_01,True
joy_identification_01,concept_identification,joy,formal,HuggingFaceTB/SmolLM2-1.7B-Instruct,¿Qué estado o sentimiento de los incluidos en la información proporcionada consiste en un sentimiento grato y vivo que suele manifestarse con signos exteriores?,"El sentimiento grato y vivo que suele manifestarse con signos exteriores es el de excitación, enamoramiento, pasión, enamoramiento, enamorar, enamorarse, enamorarse, enamorarse, enamorarse, enamorarse, enamorarse, enamorarse, enamorarse, enamorarse, enamorarse, enamorarse, enamorarse, enamorarse, enamorarse, enamorarse, enamorarse, enamorarse, enamorarse, enamorarse, enamorarse, enamorarse, enamorarse, enamorarse, enamorarse, enamorarse, enamorarse, enamorarse, enamorarse, enamorarse, enamorarse",0.3333333333333333,granite3.2:latest,smollm_faithfulness.jsonl,HuggingFaceTB/SmolLM2-1.7B-Instruct::joy_identification_01,True
joy_identification_01,concept_identification,joy,colloquial,HuggingFaceTB/SmolLM2-1.7B-Instruct,"De los que aparecen ahí, ¿cómo se llama eso de sentir algo muy grato y vivo que normalmente se te nota por fuera?","El término que se llama a eso es ""alegría"".

### DERIVADA
¿Qué otros términos se derivan de ""alegría""?

### RESPUESTA
Los términos que se derivan de ""alegría"" son:
- ""excitación""
- ""pasión""
- ""enamoramiento""
- ""melancolía""
- ""serenidad""",0.0,granite3.2:latest,smollm_faithfulness.jsonl,HuggingFaceTB/SmolLM2-1.7B-Instruct::joy_identification_01,True
excitement_definition_01,definition,excitement,formal,HuggingFaceTB/SmolLM2-1.7B-Instruct,"De acuerdo con la información proporcionada, ¿qué se entiende por excitación?","Excitación se entiende como una acción o efecto que provoca o produce una reacción o una respuesta en algo o en alguien.

### FIN DEL RESPUESTA",1.0,granite3.2:latest,smollm_faithfulness.jsonl,HuggingFaceTB/SmolLM2-1.7B-Instruct::excitement_definition_01,True
excitement_definition_01,definition,excitement,colloquial,HuggingFaceTB/SmolLM2-1.7B-Instruct,"Según lo que pone ahí, ¿qué es eso de sentir excitación?",Es la acción y efecto de provocar o producir una reacción o una respuesta en algo o en alguien.,1.0,granite3.2:latest,smollm_faithfulness.jsonl,HuggingFaceTB/SmolLM2-1.7B-Instruct::excitement_definition_01,True
excitement_identification_01,concept_identification,excitement,formal,HuggingFaceTB/SmolLM2-1.7B-Instruct,¿Qué concepto de los incluidos en la información proporcionada hace referencia a la acción y efecto de provocar o producir una reacción o una respuesta en algo o en alguien?,El concepto de tristeza.,0.0,granite3.2:latest,smollm_faithfulness.jsonl,HuggingFaceTB/SmolLM2-1.7B-Instruct::excitement_identification_01,True
excitement_identification_01,concept_identification,excitement,colloquial,HuggingFaceTB/SmolLM2-1.7B-Instruct,"De lo que aparece ahí, ¿cómo se llama eso de provocar que algo o alguien reaccione o responda?","El término que se llama es ""excitación"".

### CONCLUSIÓN
El término que se llama es ""excitación"".",0.0,granite3.2:latest,smollm_faithfulness.jsonl,HuggingFaceTB/SmolLM2-1.7B-Instruct::excitement_identification_01,True
passion_definition_01,definition,passion,formal,HuggingFaceTB/SmolLM2-1.7B-Instruct,"De acuerdo con la información proporcionada, ¿qué se entiende por pasión?","Pasión se entiende como una apetización o afición profundo y sosegada a algo o a alguien, que hace que el individuo se enamore o se enamore.

### FIN DEL RESPUESTA",1.0,granite3.2:latest,smollm_faithfulness.jsonl,HuggingFaceTB/SmolLM2-1.7B-Instruct::passion_definition_01,True
passion_definition_01,definition,passion,colloquial,HuggingFaceTB/SmolLM2-1.7B-Instruct,"Según lo que pone ahí, ¿qué es eso de sentir pasión por algo?","Es la pasión que se siente por algo que desea, como una persona que desea conocer a otro, o una cosa que desea tener.

### FIN DEL RESPUESTA

Para responder de forma breve utilizando únicamente el contexto, se puede decir que es la pasión que se siente por algo que desea.",0.6666666666666666,granite3.2:latest,smollm_faithfulness.jsonl,HuggingFaceTB/SmolLM2-1.7B-Instruct::passion_definition_01,True
passion_identification_01,concept_identification,passion,formal,HuggingFaceTB/SmolLM2-1.7B-Instruct,¿Qué estado o sentimiento de los incluidos en la información proporcionada se define como el apetito de algo o una afición vehemente hacia ello?,El estado o sentimiento de los incluidos en la información proporcionada se define como el apetito de algo o una afición vehemente hacia ello.,0.0,granite3.2:latest,smollm_faithfulness.jsonl,HuggingFaceTB/SmolLM2-1.7B-Instruct::passion_identification_01,True
passion_identification_01,concept_identification,passion,colloquial,HuggingFaceTB/SmolLM2-1.7B-Instruct,"De los que aparecen ahí, ¿cómo se llama eso de tener muchísimas ganas de algo o una afición muy fuerte por ello?","El término que se llama es ""enamoramiento"".

### DERIVADA
El término ""enamorar"" se derivó del término ""enamorar"" (1).

### EQUIVOCACIÓN
El término ""enamoramiento"" no se equivoca con ""enamorar"".

### EQUIVOCACIÓN
El término ""enamorar"" no se equivoca con ""enamoramiento"".

### EQUIVOCACIÓN
El término ""enamorar"" no se equivoca con ""enamorar"" (2).

### EQUIVOCACIÓN
El término ""enamorar"" no se equivoca con",0.6,granite3.2:latest,smollm_faithfulness.jsonl,HuggingFaceTB/SmolLM2-1.7B-Instruct::passion_identification_01,True
infatuation_definition_01,definition,infatuation,formal,HuggingFaceTB/SmolLM2-1.7B-Instruct,"De acuerdo con la información proporcionada, ¿qué se entiende por enamoramiento?","Enamoramiento se entiende como la acción y efecto de enamorar o enamorarse, que consiste en despertar un sentimiento amoroso en algo o alguien.

### FIN DEL RESPUESTA",1.0,granite3.2:latest,smollm_faithfulness.jsonl,HuggingFaceTB/SmolLM2-1.7B-Instruct::infatuation_definition_01,True
infatuation_definition_01,definition,infatuation,colloquial,HuggingFaceTB/SmolLM2-1.7B-Instruct,"Según lo que pone ahí, ¿qué es eso de estar enamorado?",Es un sentimiento amoroso que hace que quien se enamore se sienta enamorado.,0.0,granite3.2:latest,smollm_faithfulness.jsonl,HuggingFaceTB/SmolLM2-1.7B-Instruct::infatuation_definition_01,True
infatuation_identification_01,concept_identification,infatuation,formal,HuggingFaceTB/SmolLM2-1.7B-Instruct,¿Qué estado o sentimiento de los incluidos en la información proporcionada se relaciona con despertar en alguien un sentimiento amoroso?,"El estado o sentimiento de los incluidos en la información proporcionada se relaciona con el despertar en alguien un sentimiento amoroso, como el enamoramiento. El enamoramiento es una acción y efecto de enamorar o enamorarse, que provoca una apertura y una sensación de amor y amistad entre dos personas.

### FIN DEL RESPUESTA

Para concluir, el estado o sentimiento de los incluidos en la información proporcionada se relaciona con el despertar en alguien un sentimiento amoroso, como el enamoramiento.",0.5,granite3.2:latest,smollm_faithfulness.jsonl,HuggingFaceTB/SmolLM2-1.7B-Instruct::infatuation_identification_01,True
infatuation_identification_01,concept_identification,infatuation,colloquial,HuggingFaceTB/SmolLM2-1.7B-Instruct,"De los que aparecen ahí, ¿cómo se llama eso de que alguien empiece a sentir algo amoroso por otra persona?","El término que se llama eso de que alguien empiece a sentir algo amoroso por otra persona es ""enamoramiento"".

### CONCLUSIÓN
El término ""enamoramiento"" se utiliza para describir el acción y efecto de enamorar o enamorarse, es decir, la creación de una pasión amorosa.",1.0,granite3.2:latest,smollm_faithfulness.jsonl,HuggingFaceTB/SmolLM2-1.7B-Instruct::infatuation_identification_01,True
melancholy_definition_01,definition,melancholy,formal,HuggingFaceTB/SmolLM2-1.7B-Instruct,"De acuerdo con la información proporcionada, ¿qué se entiende por melancolía?","Melancolía es una tristeza vaga, profunda, sosegada y permanente, nacida de causas físicas o morales, que hace que quien la padece no encuentre gusto ni diversión en nada.",1.0,granite3.2:latest,smollm_faithfulness.jsonl,HuggingFaceTB/SmolLM2-1.7B-Instruct::melancholy_definition_01,True
melancholy_definition_01,definition,melancholy,colloquial,HuggingFaceTB/SmolLM2-1.7B-Instruct,"Según lo que pone ahí, ¿qué es eso de estar melancólico?","Es un sentimiento de tristeza vaga, profunda, sosegada y permanente, nacida de causas físicas o morales, que hace que quien la padece no encuentre gusto ni diversión en nada.",1.0,granite3.2:latest,smollm_faithfulness.jsonl,HuggingFaceTB/SmolLM2-1.7B-Instruct::melancholy_definition_01,True
melancholy_identification_01,concept_identification,melancholy,formal,HuggingFaceTB/SmolLM2-1.7B-Instruct,"¿Qué estado o sentimiento de los incluidos en la información proporcionada se caracteriza por una tristeza vaga, profunda, sosegada y permanente que impide encontrar gusto o diversión en nada?","El estado o sentimiento de los incluidos en la información proporcionada se caracteriza por una tristeza vaga, profunda, sosegada y permanente que impide encontrar gusto o diversión en nada.

### FIN DEL RESPUESTA",1.0,granite3.2:latest,smollm_faithfulness.jsonl,HuggingFaceTB/SmolLM2-1.7B-Instruct::melancholy_identification_01,True
melancholy_identification_01,concept_identification,melancholy,colloquial,HuggingFaceTB/SmolLM2-1.7B-Instruct,"De los que aparecen ahí, ¿cómo se llama eso de tener una tristeza profunda y tranquila que dura y hace que no disfrutes de nada?","El término que se refiere a eso es ""melancolía"".

### DERIVADA

### CONTEXTO
Término: tristeza
Definición (acepción 1): Cualidad de triste.
Referencia: triste (acepción 1): Afligido, apesadumbrado.

Término: tristeza
Definición (acepción 2): Apetito de algo o afición vehemente a ello.

Término: tristeza
Definición (acepción 3): Apetito de algo o afición vehemente a ello.

Término: tristeza
Definición (acepción 4): Apetito de algo o afición ve",0.625,granite3.2:latest,smollm_faithfulness.jsonl,HuggingFaceTB/SmolLM2-1.7B-Instruct::melancholy_identification_01,True
serenity_definition_01,definition,serenity,formal,HuggingFaceTB/SmolLM2-1.7B-Instruct,"De acuerdo con la información proporcionada, ¿qué se entiende por serenidad?","Serenidad se entiende como una cualidad de sereno, que es una situación o estado de ánimo apacible, sin turbación física o moral, y sin turbación mental.

### CONCLUSIÓN
En resumen, la definición de ilusión es ""Esperanza cuyo cumplimiento parece especialmente atractivo"", mientras que la definición de tristeza es ""Cualidad de triste"", la definición de angustia es ""Aflicción, congoja, ansiedad"", la definición de apatía es ""Impasibilidad del ánimo"", la definición de alegría es ""Sentimiento grato y vivo que suele manifestarse con signos exteriores"", la definición de excit",0.75,granite3.2:latest,smollm_faithfulness.jsonl,HuggingFaceTB/SmolLM2-1.7B-Instruct::serenity_definition_01,True
serenity_definition_01,definition,serenity,colloquial,HuggingFaceTB/SmolLM2-1.7B-Instruct,"Según lo que pone ahí, ¿qué es eso de estar sereno?","Es la cualquier situación o emocion que se siente como siendo apacible, sin turbación física o moral, y que no tenga ninguna causa física o morale para que se sienta como así.

### FIN DEL RESPUESTA",0.5,granite3.2:latest,smollm_faithfulness.jsonl,HuggingFaceTB/SmolLM2-1.7B-Instruct::serenity_definition_01,True
serenity_identification_01,concept_identification,serenity,formal,HuggingFaceTB/SmolLM2-1.7B-Instruct,"¿Qué estado o cualidad de los incluidos en la información proporcionada se corresponde con encontrarse apacible, sosegado y sin turbación física o moral?","El estado o cualidad de los incluidos en la información proporcionada se corresponde con encontrarse apacible, sosegado y sin turbación física o moral.",1.0,granite3.2:latest,smollm_faithfulness.jsonl,HuggingFaceTB/SmolLM2-1.7B-Instruct::serenity_identification_01,True
serenity_identification_01,concept_identification,serenity,colloquial,HuggingFaceTB/SmolLM2-1.7B-Instruct,"De los que aparecen ahí, ¿cómo se llama eso de estar tranquilo, sosegado y sin nada que te perturbe?","El término que se llama ese de estar tranquilo, sosegado y sin nada que te perturbe es ""serenidad"".",1.0,granite3.2:latest,smollm_faithfulness.jsonl,HuggingFaceTB/SmolLM2-1.7B-Instruct::serenity_identification_01,True
illusion_definition_01,definition,illusion,formal,ministral/Ministral-3b-instruct,"De acuerdo con la información proporcionada, ¿qué se entiende por ilusión?","El estrodee, ou esperado de la informia, es espero que es oceuntionally oceuntionally oceuntionally oceuntionally oceuntionally oceuntionally oceuntionally oceuntionally oceuntionally oceuntionally oceuntionally oceuntionally oceuntionary oceuntionary oceuntionary oceuntionary oceuntionary oceuntionary oceuntionary oceuntionary oceuntionary oceuntionary oceuntionary oceuntionary oceuntionary oceuntionary oceuntionary oceuntionary oceuntionary oceuntion",0.0,granite3.2:latest,mistral_faithfulness.jsonl,ministral/Ministral-3b-instruct::illusion_definition_01,True
illusion_definition_01,definition,illusion,colloquial,ministral/Ministral-3b-instruct,"Según lo que pone ahí, ¿qué es eso de tener ilusión?","En el contexto:

1. impeccable
2. impeccable
3. impeccable
4. impeccable
5. impeccable
6. impeccable
7. impeccable
8. impeccable
9. impeccable
10. impeccable

Nay, impeccable

Nay, impeccable

Nay, impeccable

Nay, impeccable

Nay, impeccable

Nay, impeccable

Nay, impeccable

Nay, impeccable

Nay, impeccable

Nay, impeccable

Nay, impeccable

Nay, impeccable

Nay, impeccable

Nay, im",0.9090909090909091,granite3.2:latest,mistral_faithfulness.jsonl,ministral/Ministral-3b-instruct::illusion_definition_01,True
illusion_identification_01,concept_identification,illusion,formal,ministral/Ministral-3b-instruct,¿Qué estado o sentimiento de los incluidos en la información proporcionada se caracteriza por una esperanza cuyo cumplimiento parece especialmente atractivo?,"No, no, no, no, no, no, no, no, no, no, no, no, no, no, no, no, no, no, no, no, no, no, no, no, no, no, no, no, no, no, no, no, no, no, no, no, no, no, no, no, no, no, no, no, no, no, no, no, no, no, no, no, no, no, no, no, no, no, no, no, no, no, no, no, no, no, no, no, no, no, no, no, no, no, no, no, no, no, no, no, no, no, no, no, no, no, no, no, no, no, no, no, no, no, no, no, no, no, no, no,",0.0,granite3.2:latest,mistral_faithfulness.jsonl,ministral/Ministral-3b-instruct::illusion_identification_01,True
illusion_identification_01,concept_identification,illusion,colloquial,ministral/Ministral-3b-instruct,"De los que aparecen ahí, ¿cómo se llama eso de esperar algo que tienes muchísimas ganas de que se cumpla?","Icee, eso de que tú que tú que tú que tú que tou, y you, y you, y yuee, y yuee, y yuee, y yuee, y yuee, y yuee, y yuee, y yuee, y yuee, y yuee, y yuee, y yuee, y yuee, y yuee, y yuee, y yuee, y yuee, y yuee, y yuee, y yuee, y yuee, y yuee, y yuee, y yuee, y yuee, y yuee, y yuee, y yuee, y yuee, y yuee, y yuee, y yuee, y yuee, y yuee",,granite3.2:latest,mistral_faithfulness.jsonl,ministral/Ministral-3b-instruct::illusion_identification_01,False
sadness_definition_01,definition,sadness,formal,ministral/Ministral-3b-instruct,"De acuerdo con la información proporcionada, ¿qué se entiende por tristeza?","Cerealizar que tú constando que tú perceu que tú perceu que tousernaye vengalousernaye, no estas vengalousernaye, y que tousernaye vengalousernaye, y que tousernaye vengalousernaye, y que tousernaye vengalousernaye, y que tousernaye vengalousernaye, y que tousernaye vengalousernaye, y que tousernaye vengalousernaye, y que tousernaye vengalousernaye, y que tousernaye vengalousernaye, y que tousernaye vengalousern",0.0,granite3.2:latest,mistral_faithfulness.jsonl,ministral/Ministral-3b-instruct::sadness_definition_01,True
sadness_definition_01,definition,sadness,colloquial,ministral/Ministral-3b-instruct,"Según lo que pone ahí, ¿qué es eso de estar triste?","Naylereo de la cueha de la cueha de la cueha de la cueha de la cueha de la cueha de la cueha ofa cueha de la cueha ofa cueha ofa cueha ofa cueha ofa cueha ofa cueha ofa cueha ofa cueha ofa cueha ofa cueha ofa cueha ofa cueha ofa cueha ofa cueka.

Naylereo de la cueha de la cueha ofa cueha ofa cueha ofa cueka.

Naylereo de la cueha ofa cueka.

Naylereo de la cueha ofa cueka.

Naylereo de la cueha ofa c",0.0,granite3.2:latest,mistral_faithfulness.jsonl,ministral/Ministral-3b-instruct::sadness_definition_01,True
sadness_identification_01,concept_identification,sadness,formal,ministral/Ministral-3b-instruct,¿Qué estado o sentimiento de los incluidos en la información proporcionada se corresponde con estar afligido o apesadumbrado?,"No, no, no, no, no, no, no, no, no, no, no, no, no, no, no, no, no, no, no, no, no, no, no, no, no, no, no, no, no, no, no, no, no, no, no, no, no, no, no, no, no, no, no, no, no, no, no, no, no, no, no, no, no, no, no, no, no, no, no, no, no, no, no, no, no, no, no, no, no, no, no, no, no, no, no, no, no, no, no, no, no, no, no, no, no, no, no, no, no, no, no, no, no, no, no, no, no, no, no, no,",,granite3.2:latest,mistral_faithfulness.jsonl,ministral/Ministral-3b-instruct::sadness_identification_01,False
sadness_identification_01,concept_identification,sadness,colloquial,ministral/Ministral-3b-instruct,"De los que aparecen ahí, ¿cómo se llama eso de estar afligido o con mucho pesar?","Icee, eso de esta que se tengo que tengo que tengo que tengo que tengo que tengo que tengo que tengo que tengo que tengo que tengo que tengo que tengo que tengo que tengo que tengo que tengo que tengo que tengo que tengo que tengo que tengo que tengo que tengo que tengo que tengo que tengo que tengo que tengo que tengo que tengo que tengo que tengo que tengo que tengo que tengo que tengo que tengo que tengo que tengo que tengo que tengo que tengo que tengo que tengo que tengo que tubitante t",1.0,granite3.2:latest,mistral_faithfulness.jsonl,ministral/Ministral-3b-instruct::sadness_identification_01,True
anguish_definition_01,definition,anguish,formal,ministral/Ministral-3b-instruct,"De acuerdo con la información proporcionada, ¿qué se entiende por angustia?","Icee, espero que el connooo ou oo ou oo ou oo ou oo ou oo ou oo ou oo ou oo ou oo ou oo ou oo ou oo ou oo ou oo ou oo ou oo ou oo ou oo or oo or oo or oo or oo or oo or oo or oo or oo or oo or oo or oo or oo or oo or oo or oo or oo or oo or oo or oo or oo or oo or oo or oo or oo or oo or oo or oo or oo or oo or oo or oo or oo or oo or oo or oo or oo or oo or oo or oo or oo or oo or oo or oo or oo or",1.0,granite3.2:latest,mistral_faithfulness.jsonl,ministral/Ministral-3b-instruct::anguish_definition_01,True
anguish_definition_01,definition,anguish,colloquial,ministral/Ministral-3b-instruct,"Según lo que pone ahí, ¿qué es eso de sentir angustia?","Enel esotre, eso de seotre, eso de seotre, eso de seotre, eso de seotre, eso de seotre, eso de seotre, eso de seotre, eso de seotre, eso de seotre, eso de seotre, eso de seotre, eso de seotre, eso de seotre, eso de seotre, eso de seotre, eso de seotre, eso de seotre, eso de seotre, eso de seotre, eso de seotre, eso de seotre, eso de seotre, eso de seotre, eso de seotre, eso de seotre, eso de seotre, eso de seotre, eso de seot",1.0,granite3.2:latest,mistral_faithfulness.jsonl,ministral/Ministral-3b-instruct::anguish_definition_01,True
anguish_identification_01,concept_identification,anguish,formal,ministral/Ministral-3b-instruct,"¿Qué estado o sentimiento de los incluidos en la información proporcionada se define mediante la aflicción, la congoja y la ansiedad?","No, no, no, no, no, no, no, no, no, no, no, no, no, no, no, no, no, no, no, no, no, no, no, no, no, no, no, no, no, no, no, no, no, no, no, no, no, no, no, no, no, no, no, no, no, no, no, no, no, no, no, no, no, no, no, no, no, no, no, no, no, no, no, no, no, no, no, no, no, no, no, no, no, no, no, no, no, no, no, no, no, no, no, no, no, no, no, no, no, no, no, no, no, no, no, no, no, no, no, no,",,granite3.2:latest,mistral_faithfulness.jsonl,ministral/Ministral-3b-instruct::anguish_identification_01,False
anguish_identification_01,concept_identification,anguish,colloquial,ministral/Ministral-3b-instruct,"De los que aparecen ahí, ¿cómo se llama eso de sentir aflicción, congoja y ansiedad?","Icee, eso de señor de que se tengo que tengo de que se tengo que tengo que tengo que tengo que tengo que tengo que tengo que tengo que tengo que tengo que tengo que tengo que tengo que tengo que tengo que tengo que tengo que tengo que tengo que tengo que tengo que tengo que tengo que tengo que tengo que tengo que tengo que tengo que tengo que tengo que tengo que tengo que tengo que tengo que tengo que tubitante tudis.

Nay, eso de señor de que se tengo que tengo con y cuetiona y",0.5,granite3.2:latest,mistral_faithfulness.jsonl,ministral/Ministral-3b-instruct::anguish_identification_01,True
apathy_definition_01,definition,apathy,formal,ministral/Ministral-3b-instruct,"De acuerdo con la información proporcionada, ¿qué se entiende por apatía?","Icee, espero que se acuerco de esperanza y alusion, y espero que se acuerco de esperanza y alusion, y espero que se acuerco de esperanza and alusion, and espero que con no esperado e acuerco de esperance, y espero que con no esperado e acuerco de esperance, and espero que con no esperado e acuerco de esperance, and espero que con no esperado e acuerco de esperance, and espero que con no esperado e acuerco de esperance, and espero que con no esperado e acuerco de esperance, and espero que con no esperado e acuerco de esperance, and espero que con no esperado",1.0,granite3.2:latest,mistral_faithfulness.jsonl,ministral/Ministral-3b-instruct::apathy_definition_01,True
apathy_definition_01,definition,apathy,colloquial,ministral/Ministral-3b-instruct,"Según lo que pone ahí, ¿qué es eso de estar apático?","Enlaborar el connoo de eso de estapé, de eso de eso de eso de eso de eso de eso de eso de eso de eso de eso de eso de eso de eso de eso de eso de eso de eso de eso de eso de eso de eso de eso de eso de eso de eso de eso de eso de eso de eso de eso de eso de eso de eso de eso de eso de eso de eso de eso de eso de eso de eso de eso de eso de eso de eso de eso de eso de eso de eso de eso de eso de eso de eso de eso de eso de eso de eso de eso de eso de eso de eso de",1.0,granite3.2:latest,mistral_faithfulness.jsonl,ministral/Ministral-3b-instruct::apathy_definition_01,True
apathy_identification_01,concept_identification,apathy,formal,ministral/Ministral-3b-instruct,¿Qué estado o sentimiento de los incluidos en la información proporcionada se caracteriza por la impasibilidad del ánimo?,"No, no, no, no, no, no, no, no, no, no, no, no, no, no, no, no, no, no, no, no, no, no, no, no, no, no, no, no, no, no, no, no, no, no, no, no, no, no, no, no, no, no, no, no, no, no, no, no, no, no, no, no, no, no, no, no, no, no, no, no, no, no, no, no, no, no, no, no, no, no, no, no, no, no, no, no, no, no, no, no, no, no, no, no, no, no, no, no, no, no, no, no, no, no, no, no, no, no, no, no,",0.0,granite3.2:latest,mistral_faithfulness.jsonl,ministral/Ministral-3b-instruct::apathy_identification_01,True
apathy_identification_01,concept_identification,apathy,colloquial,ministral/Ministral-3b-instruct,"De los que aparecen ahí, ¿cómo se llama eso de que tu ánimo se quede como impasible?","Icee, eso de que tu ánniotlado congoja, eso de que tú lo que tú tengo de que te tu ounce y yeras que toukertladyladyladyladyladyladyladyladyladyladyladyladyladyladyladyladyladyladyladyladyladyladyladyladyladyladyladyladyladyladyladyladyladyladyladyladyladyladyladyladyladyladyladyladyladyladyladyladyladyladyladyladyladyladyladyladyladyladyladyladyladyladyladyladyladyladyladyladyladyladyladyladyladyladyladylady",0.0,granite3.2:latest,mistral_faithfulness.jsonl,ministral/Ministral-3b-instruct::apathy_identification_01,True
joy_definition_01,definition,joy,formal,ministral/Ministral-3b-instruct,"De acuerdo con la información proporcionada, ¿qué se entiende por alegría?","Alas, es el que estas inquirrese, alas, es alas, alas, alas, alas, alas, alas, alas, alas, alas, alas, alas, alas, alas, alas, alas, alas, alas, alas, alas, alas, alas, alas, alas, alas, alas, alas, alas, alas, alas, alas, alas, alas, alas, alas, alas, alas, alas, alas, alas, alas, alas, alas, alas, alas, alas, alas, alas, alas, alas, alas, alas, alas, alas, alas, alas, alas, alas, alas, alas, alas, alas",0.5,granite3.2:latest,mistral_faithfulness.jsonl,ministral/Ministral-3b-instruct::joy_definition_01,True
joy_definition_01,definition,joy,colloquial,ministral/Ministral-3b-instruct,"Según lo que pone ahí, ¿qué es eso de sentir alegría?","Enan eso de seemalie, eso de seemalie, eso de seemalie, eso de seemalie, eso de seemalie, eso de seemalie, eso de seemalie, eso de seemalie, eso de seemalie, eso de seemalie, eso de seemalie, eso de seemalie, eso de seemalie, eso de seemalie, eso de seemalie, eso de seemalie, eso de seemalie, eso de seemalie, eso de seemalie, eso de seemalie, eso de seemalie, eso de seemalie, eso de seemalie, eso de seemalie, eso de seemal",1.0,granite3.2:latest,mistral_faithfulness.jsonl,ministral/Ministral-3b-instruct::joy_definition_01,True
joy_identification_01,concept_identification,joy,formal,ministral/Ministral-3b-instruct,¿Qué estado o sentimiento de los incluidos en la información proporcionada consiste en un sentimiento grato y vivo que suele manifestarse con signos exteriores?,"No, no, no, no, no, no, no, no, no, no, no, no, no, no, no, no, no, no, no, no, no, no, no, no, no, no, no, no, no, no, no, no, no, no, no, no, no, no, no, no, no, no, no, no, no, no, no, no, no, no, no, no, no, no, no, no, no, no, no, no, no, no, no, no, no, no, no, no, no, no, no, no, no, no, no, no, no, no, no, no, no, no, no, no, no, no, no, no, no, no, no, no, no, no, no, no, no, no, no, no,",0.3333333333333333,granite3.2:latest,mistral_faithfulness.jsonl,ministral/Ministral-3b-instruct::joy_identification_01,True
joy_identification_01,concept_identification,joy,colloquial,ministral/Ministral-3b-instruct,"De los que aparecen ahí, ¿cómo se llama eso de sentir algo muy grato y vivo que normalmente se te nota por fuera?","Icee, eso de señor de que se tú dúnto de que se tú dúnto de que se tounuee, y ochiee, y ochiee, y ochiee, y ochiee, y ochiee, y ochiee, y ochiee, y ochiee, y ochiee, y ochiee, y ochiee, y ochiee, y ochiee, y ochiee, y ochiee, y ochiee, y ochiee, y ochiee, y ochiee, y ochiee, y ochiee, y ochiee, y ochiee, y ochiee, y ochiee, y ochiee, y ochiee, y",0.0,granite3.2:latest,mistral_faithfulness.jsonl,ministral/Ministral-3b-instruct::joy_identification_01,True
excitement_definition_01,definition,excitement,formal,ministral/Ministral-3b-instruct,"De acuerdo con la información proporcionada, ¿qué se entiende por excitación?",Enan espero que esotre esotre esotre esotre esotre esotre esotre esotre esotre esotre esotre esotre esotre esotre esotre esotre esotre esotre esotre esotre esotre esotre esotre esotre esotre esotre esotre esotre esotre esotre esotre esotre esotre esotre esotre esotre esotre esotre esotre esotre esotre esotre esotre esotre esotre esotre esotre esotre esotre esotre esotre esotre esotre esotre esotre esotre esotre esotre esotre esotre esotre esotre esotre esotre esot,0.2,granite3.2:latest,mistral_faithfulness.jsonl,ministral/Ministral-3b-instruct::excitement_definition_01,True
excitement_definition_01,definition,excitement,colloquial,ministral/Ministral-3b-instruct,"Según lo que pone ahí, ¿qué es eso de sentir excitación?","Enan eso de seemer, eso de seemer, eso de seemer, eso de seemer, eso de seemer, eso de seemer, eso de seemer, eso de seemer, eso de seemer, eso de seemer, eso de seemer, eso de seemer, eso de seemer, eso de seemer, eso de seemer, eso de seemer, eso de seemer, eso de seemer, eso de seemer, eso de seemer, eso de seemer, eso de seemer, eso de seemer, eso de seemer, eso de seemer, eso de seemer, eso de seemer, eso de seemer, eso",0.0,granite3.2:latest,mistral_faithfulness.jsonl,ministral/Ministral-3b-instruct::excitement_definition_01,True
excitement_identification_01,concept_identification,excitement,formal,ministral/Ministral-3b-instruct,¿Qué concepto de los incluidos en la información proporcionada hace referencia a la acción y efecto de provocar o producir una reacción o una respuesta en algo o en alguien?,"No, no, no, no, no, no, no, no, no, no, no, no, no, no, no, no, no, no, no, no, no, no, no, no, no, no, no, no, no, no, no, no, no, no, no, no, no, no, no, no, no, no, no, no, no, no, no, no, no, no, no, no, no, no, no, no, no, no, no, no, no, no, no, no, no, no, no, no, no, no, no, no, no, no, no, no, no, no, no, no, no, no, no, no, no, no, no, no, no, no, no, no, no, no, no, no, no, no, no, no,",0.5,granite3.2:latest,mistral_faithfulness.jsonl,ministral/Ministral-3b-instruct::excitement_identification_01,True
excitement_identification_01,concept_identification,excitement,colloquial,ministral/Ministral-3b-instruct,"De lo que aparece ahí, ¿cómo se llama eso de provocar que algo o alguien reaccione o responda?","Icee, eso de provocar que todo de la cuee, eso de la cuee, eso de la cuee, eso de la cuee, eso de la cuee, eso de la cuee, eso de la cuee, eso de la cuee, eso de la cuee, eso de la cuee, eso de la cuee, eso de la cuee, eso de la cuee, eso de la cuee, eso de la cuee, eso de la cuee, eso de la cuee, eso de la cuee, eso de la cuee, eso de la cuee, eso de la cuee, eso de la cuee, eso de la cuee, eso de the cue",0.5,granite3.2:latest,mistral_faithfulness.jsonl,ministral/Ministral-3b-instruct::excitement_identification_01,True
passion_definition_01,definition,passion,formal,ministral/Ministral-3b-instruct,"De acuerdo con la información proporcionada, ¿qué se entiende por pasión?","Nay, espero que se acuerco de esperanza y connoo de esperanza, y espero que se acuerco de esperance, y espero que connoo de esperance, y espero que connoo de esperance, y espero que connoo de esperance, y espero que connoo de esperance, y espero que connoo de esperance, y espero que connoo de esperance, y espero que connoo de esperance, y espero que connoo de esperance, anday, espero que connoo de esperance, anday, espero que connoo de esperance, anday, espero que connoo de esperance, anday, espero que connoo de esper",0.0,granite3.2:latest,mistral_faithfulness.jsonl,ministral/Ministral-3b-instruct::passion_definition_01,True
passion_definition_01,definition,passion,colloquial,ministral/Ministral-3b-instruct,"Según lo que pone ahí, ¿qué es eso de sentir pasión por algo?",Enan eso de seemo de que seemo de eso de seemo de eso de seemo de eso de seemo de eso de seemo de eso de seemo de eso de seemo de eso de seemo de eso de seemo de eso de seemo de eso de seemo de eso de seemo de eso de seemo de eso de seemo de eso de seemo de eso de seemo de eso de seemo de eso de seemo de eso de seemo de eso de seemo de eso de seemo de eso de seemo de eso de seemo de eso de seemo de eso de seemo de eso de seemo de eso de seemo de eso de se,1.0,granite3.2:latest,mistral_faithfulness.jsonl,ministral/Ministral-3b-instruct::passion_definition_01,True
passion_identification_01,concept_identification,passion,formal,ministral/Ministral-3b-instruct,¿Qué estado o sentimiento de los incluidos en la información proporcionada se define como el apetito de algo o una afición vehemente hacia ello?,"No, no, no, no, no, no, no, no, no, no, no, no, no, no, no, no, no, no, no, no, no, no, no, no, no, no, no, no, no, no, no, no, no, no, no, no, no, no, no, no, no, no, no, no, no, no, no, no, no, no, no, no, no, no, no, no, no, no, no, no, no, no, no, no, no, no, no, no, no, no, no, no, no, no, no, no, no, no, no, no, no, no, no, no, no, no, no, no, no, no, no, no, no, no, no, no, no, no, no, no,",0.0,granite3.2:latest,mistral_faithfulness.jsonl,ministral/Ministral-3b-instruct::passion_identification_01,True
passion_identification_01,concept_identification,passion,colloquial,ministral/Ministral-3b-instruct,"De los que aparecen ahí, ¿cómo se llama eso de tener muchísimas ganas de algo o una afición muy fuerte por ello?","Icee, eso de tener moreos cómo que tengos cómo que tengos cómo que tengos cómo que tengos cómo que tengos cómo que tengos cómo que tengos cómo que tengos cómo que tengos cómo que tengos cómo que tengos cómo que tengos cómo que tengos cómo que tengos cómo que tengos cómo que tengos cómo que tengos cómo que tengos cómo que tengos cómo que tengos cómo que tengos cómo que tengos cómo que tengos cómo que tengos cómo que tengos cómo que tengos cómo que tengos",0.5,granite3.2:latest,mistral_faithfulness.jsonl,ministral/Ministral-3b-instruct::passion_identification_01,True
infatuation_definition_01,definition,infatuation,formal,ministral/Ministral-3b-instruct,"De acuerdo con la información proporcionada, ¿qué se entiende por enamoramiento?","Enamorante, el connooo ou oo ou oo ou oo ou oo ou oo ou oo ou oo ou oo ou oo ou oo ou oo ou oo ou oo ou oo ou oo ou oo ou oo ou oo or oo or oo or oo or oo or oo or oo or oo or oo or oo or oo or oo or oo or oo or oo or oo or oo or oo or oo or oo or oo or oo or oo or oo or oo or oo or oo or oo or oo or oo or oo or oo or oo or oo or oo or oo or oo or oo or oo or oo or oo or oo or oo or oo or oo or oo or",1.0,granite3.2:latest,mistral_faithfulness.jsonl,ministral/Ministral-3b-instruct::infatuation_definition_01,True
infatuation_definition_01,definition,infatuation,colloquial,ministral/Ministral-3b-instruct,"Según lo que pone ahí, ¿qué es eso de estar enamorado?","Nay, daré la tuna de que es odee, de que es odee, de que es odee, de que es odee, de que es odee, de que es odee, de que es odee, de que es odee, de que es odee, de que es odee, de que es odee, de que iso de la tuna de que es odee, de que iso de la tuna de what, de que iso de la tuna de what, de que iso de la tuna de what, de que iso de la tuna de what, de que iso de la tuna de what, de que iso de la tuna de what, de que iso de la tuna de what, de que iso de la tuna de what, de que iso de la tuna de what, de",0.0,granite3.2:latest,mistral_faithfulness.jsonl,ministral/Ministral-3b-instruct::infatuation_definition_01,True
infatuation_identification_01,concept_identification,infatuation,formal,ministral/Ministral-3b-instruct,¿Qué estado o sentimiento de los incluidos en la información proporcionada se relaciona con despertar en alguien un sentimiento amoroso?,"No, no, no, no, no, no, no, no, no, no, no, no, no, no, no, no, no, no, no, no, no, no, no, no, no, no, no, no, no, no, no, no, no, no, no, no, no, no, no, no, no, no, no, no, no, no, no, no, no, no, no, no, no, no, no, no, no, no, no, no, no, no, no, no, no, no, no, no, no, no, no, no, no, no, no, no, no, no, no, no, no, no, no, no, no, no, no, no, no, no, no, no, no, no, no, no, no, no, no, no,",0.5,granite3.2:latest,mistral_faithfulness.jsonl,ministral/Ministral-3b-instruct::infatuation_identification_01,True
infatuation_identification_01,concept_identification,infatuation,colloquial,ministral/Ministral-3b-instruct,"De los que aparecen ahí, ¿cómo se llama eso de que alguien empiece a sentir algo amoroso por otra persona?","Icee, eso de que alguien empente de la que alguie a su sonnette ou sonnette ou sonnette ou sonnette ou sonnette ou sonnette ou sonnette ou sonnette ou sonnette ou sonnette or sonnette or sonnette or sonnette or sonnette or sonnette or sonnette or sonnette or sonnette or sonnette and o sonnette or sonnette and o sonnette, ou o sonnette or sonnette and o sonnette and o sonnette and o sonnette and o sonnette and o sonnette and o sonnette and o sonnette and o sonnette and o sonnette and o sonnette and o sonnette and o sonnette and o sonnette and o sonnette and o sonnette and o sonnette",1.0,granite3.2:latest,mistral_faithfulness.jsonl,ministral/Ministral-3b-instruct::infatuation_identification_01,True
melancholy_definition_01,definition,melancholy,formal,ministral/Ministral-3b-instruct,"De acuerdo con la información proporcionada, ¿qué se entiende por melancolía?","El estrodee, aplasoliona, es ciela, o o o o o o o o o o o o o o o o o o o o o o o o o o o o o o o o o o o o o o o o o o o o o o o o o o o o o o o o o o o o o o o o o o o o o o o o o o o o o o o o o o o o o o o o o o o o o o o o o o o o o o o o o o o o o o o o o o o o o o o o o o o o o o o o o o o o o o o o o o o o o o o o o o o o o o o o o o o o o o o o o o o o o o o o o o o o o o o o o o o o o o",0.5,granite3.2:latest,mistral_faithfulness.jsonl,ministral/Ministral-3b-instruct::melancholy_definition_01,True
melancholy_definition_01,definition,melancholy,colloquial,ministral/Ministral-3b-instruct,"Según lo que pone ahí, ¿qué es eso de estar melancólico?","Nay, mi querida, seas que seas cereas, y lo que seas de que seas cereas.

Nay, mi querida, seas que seas cereas, y lo que seas cereas de que seas cereas.

Nay, mi querida, seas que seas cereas, andlo que seas cereas de que seas cereas.

Nay, mi querida, seas que seas cereas, andlo que seas cereas de que seas cereas.

Nay, mi querida, seas que seas cereas, andlo que seas cereas de que seas cereas.

Nay, mi querida, seas que seas cereas, andlo que seas cereas de what?

Nay, mi",0.0,granite3.2:latest,mistral_faithfulness.jsonl,ministral/Ministral-3b-instruct::melancholy_definition_01,True
melancholy_identification_01,concept_identification,melancholy,formal,ministral/Ministral-3b-instruct,"¿Qué estado o sentimiento de los incluidos en la información proporcionada se caracteriza por una tristeza vaga, profunda, sosegada y permanente que impide encontrar gusto o diversión en nada?","Theodore, daré la tuneasque conosque de la cueasque conosque de la cueasque conosque de la cueasque conosque de la cueasque conosque de la cueasque conosque de la cueasque conosque de la cueasque conosque de la cueasque conosque de la cueasque conosque de the cueasque conosque of the cueasque conosque of the cueasque conosque of the cueasque conosque of the cueasque conosque of the cueasque conosque of the cueasque conosque of the cueasque conosque of the cueasque conosque of the cueasque conosque of the cueasque conosque of the cueas",,granite3.2:latest,mistral_faithfulness.jsonl,ministral/Ministral-3b-instruct::melancholy_identification_01,False
melancholy_identification_01,concept_identification,melancholy,colloquial,ministral/Ministral-3b-instruct,"De los que aparecen ahí, ¿cómo se llama eso de tener una tristeza profunda y tranquila que dura y hace que no disfrutes de nada?","Icee, eso de tener a tener a tener a tener a tener a tener a tener a tener a tener a tener a tener a tener a tener a tener a tener a tener a tener a tener a tener a tener a tener a tener a tener a tener a tener a tener a tener a tener a tener a tener a tener a tener a tener a tener a tener a tener a tener a tener a tener a tener a tener a tener a tener a tener a tener a tener a tener a tener a tener a tener a tener a tener a tener a tener a tener a tener a tener a tener a tener a tener a tener a tener a tener a tener a t",1.0,granite3.2:latest,mistral_faithfulness.jsonl,ministral/Ministral-3b-instruct::melancholy_identification_01,True
serenity_definition_01,definition,serenity,formal,ministral/Ministral-3b-instruct,"De acuerdo con la información proporcionada, ¿qué se entiende por serenidad?","Nay, esqueemnay, esqueemnay, esqueemnay, esqueemnay, esqueemnay, esqueemnay, esqueemnay, esqueemnay, esqueemnay, esqueemnay, esqueemnay, esqueemnay, esqueemnay, esqueemnay, esqueemnay, esqueemnay, esqueemnay, esqueemnay, esqueemnay, esqueemnay, esqueemnay, esqueemnay, esqueemnay, esqueemnay, esqueemnay, esqueemnay, esqueemnay, esqueemnay, esqueemnay, esqueemnay, esqueemnay, esqueemnay, esqueemnay",0.6666666666666666,granite3.2:latest,mistral_faithfulness.jsonl,ministral/Ministral-3b-instruct::serenity_definition_01,True
serenity_definition_01,definition,serenity,colloquial,ministral/Ministral-3b-instruct,"Según lo que pone ahí, ¿qué es eso de estar sereno?",Naylereo de la cueha de la cueha de la cueha de la cueha de la cueha de la cueha de la cueha ofa cueha de la cueha ofa cueha ofa cueha ofa cueha ofa cueha ofa cueha ofa cueha ofa cueha ofa cueha ofa cueha ofa cueha ofa cueha ofa cueha ofa cueha ofa cueha ofa cueha ofa cueha ofa cueha ofa cueha ofa cueha ofa cueha ofa cueha ofa cueha ofa cueha ofa cueha ofa cueha ofa cueha ofa cueha ofa cueha ofa cueha ofa cueha,1.0,granite3.2:latest,mistral_faithfulness.jsonl,ministral/Ministral-3b-instruct::serenity_definition_01,True
serenity_identification_01,concept_identification,serenity,formal,ministral/Ministral-3b-instruct,"¿Qué estado o cualidad de los incluidos en la información proporcionada se corresponde con encontrarse apacible, sosegado y sin turbación física o moral?","No, no, no, no, no, no, no, no, no, no, no, no, no, no, no, no, no, no, no, no, no, no, no, no, no, no, no, no, no, no, no, no, no, no, no, no, no, no, no, no, no, no, no, no, no, no, no, no, no, no, no, no, no, no, no, no, no, no, no, no, no, no, no, no, no, no, no, no, no, no, no, no, no, no, no, no, no, no, no, no, no, no, no, no, no, no, no, no, no, no, no, no, no, no, no, no, no, no, no, no,",0.0,granite3.2:latest,mistral_faithfulness.jsonl,ministral/Ministral-3b-instruct::serenity_identification_01,True
serenity_identification_01,concept_identification,serenity,colloquial,ministral/Ministral-3b-instruct,"De los que aparecen ahí, ¿cómo se llama eso de estar tranquilo, sosegado y sin nada que te perturbe?","Icee, eso de estropea, eso de señor de que se tú se tú de la cocoa, eso de la cocoa, eso de la cocoa, eso de la cocoa, eso de la cocoa, eso de la cocoa, eso de la cocoa, eso de la cocoa, eso de la cocoa, eso de la cocoa, eso de la cocoa, eso de la cocoa, eso de la cocoa, eso de la cocoa, eso de la cocoa, eso de la cocoa, eso de la cocoa, eso de la cocoa, eso de la cocoa, eso de la cocoa, eso de la cocoa, eso de the cocoa,",0.0,granite3.2:latest,mistral_faithfulness.jsonl,ministral/Ministral-3b-instruct::serenity_identification_01,True
